relative_path,bytes,sha256
.gitignore,39,0f5e962db3a0acaa069a209ecf35742f8009954c48e8c98e26e1c49b7e80f940
00_shared/README.md,512,35992bdf7a306e9797f14f20223ce0124d3fed49738572370381da9eb3c9b25a
00_shared/baselines/PCA_and_HVG/code-50PCA.R,7305,6404019ee0426478ec139a94ba9a67565c4f3c030f43c6da7b69a5baf5f0fdd3
00_shared/baselines/PCA_and_HVG/code-HVG.R,2457,b672ccfb5ee98aee50e049fa2b5e9f8e70df8c0bbaf4167d6abada3c4334aff5
00_shared/baselines/PCA_and_HVG/code-noFM_baseline.R,2040,cab4ed8ca8bdd1bd6fc27e920503f93707f62b5661ca1ba517a2ca28e5282ec2
00_shared/baselines/scVI/batch_scvi.py,2623,227e81e1f4c5d605022c302df9aba6ffb817c76059150e16bf32b90e483cf346
00_shared/baselines/scVI/batch_scvi_gpu_label_task2.py,3123,4e7c32aeb9447510d9863ccdec2f74e88c6e2b1bbf792fb1f5ea4d892ca2f9de
00_shared/baselines/scVI/batch_scvi_label.py,2593,b9880d054ba028feddbe4a8053edac174345b7878ed99f75a2ff665582abdbf2
00_shared/config/benchmark_mlp.json,711,a5119c65659b8fef0496930b669f8d04045c22406c3d54109d1040a41372d8f2
00_shared/downstream/common.py,11377,bd41a5cb2697d0e8c6a540ca2efa17d4c4809f7ed80ba436ab692b884307727c
00_shared/downstream/predict_embedding_mlp.py,2545,717d7a1a2751f9967957fae37518352fc3a753ae3e10cbad2f761c49bd24fb96
00_shared/downstream/train_embedding_mlp.py,10701,095b24bb7c7a00065f30a23c0c6790f5a4f9e51ef195e656cc276c0b458d5a71
00_shared/evaluation/cross_task_analysis.py,9429,b8bc4e680f6d95354f1d3563b4f090c28361b9915c6cae077f7368cb0dac7ce7
00_shared/evaluation/donor_bootstrap_metrics.R,4836,72ba0531d31a822fc02450a5a5158fc989d6d9cd389bc106218aea12883b57a9
00_shared/preprocessing/generate_hvg_pca.R,4813,114b7d7861e18c7e58738020f7315a8bfde6b14ade17fa9adb294a193696db13
00_shared/preprocessing/generate_scvi.py,4030,5d7d10f9bcb5ea06206c7b7ce8c6f3282f2972c06963887867fa93996950e358
00_shared/requirements-r.txt,95,6d695cd58546f5a09e43ac0d977499d97864c0bf8ed223028c961fe378a1426a
00_shared/requirements.txt,72,da8cdbbf47f2750c16e8a1c9462e2a53e6f3e8538a7172841e38dd8a5ae63a3c
01_age_prediction/README.md,605,7c5d3cd2b8584f5f55030d11aedaf0ecfa3a7f98d57eee619eefa6c3fedf6fee
01_age_prediction/evaluate_condition_celltype_donor.R,42684,f4643fa2b676534c638ca6f370c024a80bec87ce15b17a4b0d0c231d74eda745
01_age_prediction/models/geneformer/aging_scripts/1_generate_cell_embeddings.py,18264,ba0fbc6707aff413125b28cd968761a2191fdb7e079efd4ba742a553c50a834e
01_age_prediction/models/geneformer/aging_scripts/2_train_age_mlp.py,17680,d018b8ceaf5bc6f1a620b2c5da6bb28fd6b755a2cbae695b9de196caaadf72f9
01_age_prediction/models/geneformer/aging_scripts/3_predict_age.py,8449,584d28b8883941c3f2750b7694b21ca8641fd4c821ff336ccf217d69cfef6c8a
01_age_prediction/models/sccello/aging_scripts/1_generate_sccello_embeddings.py,15327,225f37d7023d86120f5f7ee0c73b2274807fc003b4d73b78055a34141c6902f8
01_age_prediction/models/sccello/aging_scripts/2_train_age_mlp.py,19166,467ae3f77a7f79c65a395f63e8989ea96caa9fd6ca3f1967f25deefaf8687e78
01_age_prediction/models/sccello/aging_scripts/3_predict_age.py,10542,c2c9e3794973518391ad25087acdd892040e1627d81b674c469f341a0f8cb2c9
01_age_prediction/models/scfoundation/aging_scFoundation/scripts/1_generate_scfoundation_cell_embeddings.py,5621,502e37476cef887a6872b325e26a860f5a8e441962b56358783c2646fdd98616
01_age_prediction/models/scfoundation/aging_scFoundation/scripts/2_train_age_mlp.py,7573,d97b34a295ffb715f8f383222b8f6d712d6271d3e9ef7a2cbb69a5fd9f8c34f7
01_age_prediction/models/scfoundation/aging_scFoundation/scripts/3_predict_age.py,4345,f0b7df0fd9b384edcc71b53f775708c6ac6c5316db4b5b3a93e20136eb87f609
01_age_prediction/models/scgpt/aging_scgpt/scripts/1_generate_scgpt_cell_embeddings.py,2842,d2fdbdfe98f4f95429fee00542cbd5f76d3a6ada35c733b3c177236dcd5ae459
01_age_prediction/models/scgpt/aging_scgpt/scripts/2_train_age_mlp.py,9113,cc16c988667058f97321cf1db33ea788dee4934eb5357d53857e385d386bfcbc
01_age_prediction/models/scgpt/aging_scgpt/scripts/3_predict_age.py,3717,adc547643922ca5530c1359292371ac5cd3a563141c59c6edc6a69098a849325
01_age_prediction/models/scimilarity/aging_SCimilarity/scripts/1_generate_scimilarity_cell_embeddings.py,3112,c118b789299886893e7ec68f3b34d8d98c93a203cbca570da059f8dedce4d708
01_age_prediction/models/scimilarity/aging_SCimilarity/scripts/2_train_age_mlp.py,10498,07eba1edc05ba9835ae21614162455981aa7d1bc51787a563e202c67f409abe9
01_age_prediction/models/scimilarity/aging_SCimilarity/scripts/3_predict_age.py,4154,849c6cbcc6ff47f85e7797df296998482971f0b14572ba9a1bd66723b29224bf
01_age_prediction/models/sclong/aging_scLONG/scripts/1_generate_sclong_cell_embeddings.py,4210,182e28f0f1dd1890e01bd81e561ffc8945826158cee0c91cfaa0e439f72c738f
01_age_prediction/models/sclong/aging_scLONG/scripts/2_train_age_mlp.py,12760,1ffe18a7e0ba61f133fada56a5c2c40e01b1f7e7efd7c4d08922e4bb949b922b
01_age_prediction/models/sclong/aging_scLONG/scripts/3_predict_age.py,4054,fc1990df3b9f344881c90c7e3ea460bdbe9386b6e8d140e82c66d3830d908137
01_age_prediction/models/scprint/aging_scPRINT/scripts/1_generate_scprint_cell_embeddings.py,11542,a318f305524084a1574bf4390753e38ae548c22625201b44e3711325b1fba212
01_age_prediction/models/scprint/aging_scPRINT/scripts/2_train_age_mlp.py,10333,e08dc899ee784c38a3506300152fc6ab19c8f7abe5b608d84eabe7ab9a61a832
01_age_prediction/models/scprint/aging_scPRINT/scripts/3_predict_age.py,4056,dc512a92f079220d1d18dcfca62e3f64ea437480fdcaf053b75dab9017ce59da
01_age_prediction/models/transcriptformer/transcriptformer_train/aging_scripts/01_generate_embeddings.py,13537,911877df4c7ddbc5853e0ae084ebf506283d947efbf75a4e0b32e31e7b8fd9c6
01_age_prediction/models/transcriptformer/transcriptformer_train/aging_scripts/02_train_mlp_global_batching.py,12149,bf2c0c52a3631109425cce76cdf2acc7dc8fd1e913c383214792a6edd5afb962
01_age_prediction/models/transcriptformer/transcriptformer_train/aging_scripts/02_train_mlp_per_part_batching.py,13598,63505277ecfa1ad2e2ad1afed54bc318cfdfe002d01b2416b347288327683a50
01_age_prediction/models/transcriptformer/transcriptformer_train/aging_scripts/03_evaluate_models.py,9322,2c23b551b06605c76c9dc89071bb076ed15cc6472024a4c599cd5c43ac2314c0
01_age_prediction/models/transcriptformer/transcriptformer_train/aging_scripts/run_embeddings_parallel.py,5949,27504b2360f18626b945c933d63752a89eedbad691a7a48007663b8883de9fde
01_age_prediction/models/uce/age_mlp_utils.py,5153,b636bf245ac75dd9e19ca1da3af5ef1c806793a2df3f22aa3fe5a253befbd29c
01_age_prediction/models/uce/data_proc/data_utils.py,10303,e3e3e3a819c2c240cdf02901a4756f8889e2794a0a8997b830263577c1ebf3d6
01_age_prediction/models/uce/data_proc/gene_embeddings.py,3884,6ec6c90a16f869b825d644e49290ad3ba10318fe8fc1c3b0e2f696003fee5e42
01_age_prediction/models/uce/eval_data.py,7512,cf06fa6ae9e2fa4ff73cf28e98b9b7360c1adc6637373c85926c1ecf1fb4d13f
01_age_prediction/models/uce/eval_single_anndata.py,7078,6b36479e532c24ba102dcab1e8e65355d19cc0c10bfa62a29d3ddf79d9a370e2
01_age_prediction/models/uce/evaluate.py,11305,0cb7d7f8012d12062d07514fb73758aad5a40d689c8fb0c8acdf3b955f29a9e8
01_age_prediction/models/uce/evaluate_age_mlp_from_uce.py,2383,59b0c0363814910f7a742e4f07c7a3e11c2de8e33ed7842d0837daf62b3d3ed9
01_age_prediction/models/uce/model.py,4055,9fc2cbc12efab2d1cd156a5f3a1e37ba93691690110041a5fc890a1d9505f540
01_age_prediction/models/uce/run_aging_uce_embeddings.py,4119,e25d71bb86eef352011504f97ea4adb21725e21d4e1cba3a58f4f9589d24ddfc
01_age_prediction/models/uce/train_age_mlp_from_uce.py,7252,78f8abab8dd60b242a66f5279535a1e5dd54c7f9cf2fc4c050dc64e53fd89764
01_age_prediction/models/uce/utils.py,3590,b6adc7bbd321ea68a8829e7375e5b154e75c3d740073642e32490063e8932e05
02_age_trajectory/README.md,660,3feff6759c094ccaeb9c6909d20db799d0897f49ea8546066c2be8074efd5c8f
02_age_trajectory/common.R,3081,ed4daeb3d4ab685d8cbb2cf4c25150d013b69d53f67b4764c97e6b8c6929452e
02_age_trajectory/run_monocle3.R,6179,1d4c5b64c0a9072ab43492e7d3a9303de7656d7a7a026b5f604b1daf560bff4d
02_age_trajectory/run_task2_batch.R,4815,0eebcf5906442c3fbb3168f8e17216074091f55004bf76a8da13460efab8bfc2
03_disease_age_shift/README.md,555,e9f8d30414ed97d807ffd6d8d7fc8a7541f1f10a87893777cc7afe4e06d470e5
03_disease_age_shift/match_age_strata.py,5324,03cc3462d56b6ee65e9cbc05af6cd8d67a5e1efff236e5a7c6afbe0fef960e34
04_senescence_identification/README.md,707,722d840b465e24be924d76890b9450126f3b033607db89bb4e6ef09dc4356861
04_senescence_identification/map_mouse_genes_to_human_symbols.R,6614,e4e0e3f9705029f64b7d155a40aaac475d542e06670f2e270fd0939026f06c1e
04_senescence_identification/models/cellfm/task3/scripts/1_generate_embeddings_and_train_mlp.py,27806,75f58c50e93fb5c78fc80a6a2beb1424a04223434f4885c17974ab68979426b9
04_senescence_identification/models/cellfm/task3/scripts/2_predict_binary.py,9634,007a4c5bd1b4d2a28ed658457a7b4be117edee722ba36bc08c1ad87611907143
04_senescence_identification/models/geneformer/task3/scripts/1_generate_cell_embeddings_multigpu.py,23025,a97244942909bc40d5efe81ff08da818f9f5bd4848a224d491bb864acb549e8c
04_senescence_identification/models/geneformer/task3/scripts/2_train_binary_mlp_global.py,15901,b3c1ef462805a70f467fbb3cdbe96b5bb5dc3efcbe45f9047397410783198d0c
04_senescence_identification/models/geneformer/task3/scripts/3_predict_binary.py,9052,3ec04958b270f84e2b5febe7b70b8a934586f68e5d439555f9a6ec9f68584caf
04_senescence_identification/models/sccello/task3/scripts/1_generate_task3_sccello_embeddings.py,17356,504fe1297d5137e0af85d3ccd472ff64da31df4b48d675e55ba5ae64c301f40d
04_senescence_identification/models/sccello/task3/scripts/2_train_task3_global_mlp.py,20369,2620a252f4d0c291cfc951406e42255f2e432e45d6503eda7bb7155b8e2cfe57
04_senescence_identification/models/sccello/task3/scripts/3_predict_task3_tests.py,12795,e06efa65092e8579e7e297ffa2bc246cb62104156807126c5f7ab65a3379c3ec
04_senescence_identification/models/scfoundation/Task3_SCFoundation/scripts/1_generate_scfoundation_cell_embeddings.py,20000,b3f920044dfe507d4183ab6f42f6510ecfb4fc3a1c0e9bdf9249d863bca66c26
04_senescence_identification/models/scfoundation/Task3_SCFoundation/scripts/2_train_senescence_mlp.py,17004,0e99040f11d4dd8d8562bf4b9ab983357fc0ae116c0353585cc42bf38def8a2c
04_senescence_identification/models/scfoundation/Task3_SCFoundation/scripts/3_predict_senescence.py,17582,60f14c45b2d7acadbaf53617f1d7530f12f2e3e67b296999cbc2840a7cdef176
04_senescence_identification/models/scgpt/Task3_SCGPT/scripts/1_generate_scgpt_cell_embeddings.py,13624,c99037535079bd8b4be158dd3d3d255f70c6e0200b3960b0ae6e6ed146c6e559
04_senescence_identification/models/scgpt/Task3_SCGPT/scripts/2_train_senescence_mlp.py,17933,2f3a1b0c52cde54f1b5690f0835296d226c27c43a8c28f8648fd6ac215342b61
04_senescence_identification/models/scgpt/Task3_SCGPT/scripts/3_predict_senescence.py,19409,50dc3e210656568bf4e4749ac0286d7f47802a39f94dcc01b259a166ea5bf13b
04_senescence_identification/models/scimilarity/Task3_SCimilarity_V2/scripts/1_generate_scimilarity_cell_embeddings.py,22239,f6a69f2b591f25bf647219b1f64fc1a386013b4262a8a2e414444d75e556a025
04_senescence_identification/models/scimilarity/Task3_SCimilarity_V2/scripts/2_train_senescence_mlp.py,16991,a2549c79a3bbb7fb9c68b4c61244e3d3c8e8ccc98d850d7d714f63c85e3d0235
04_senescence_identification/models/scimilarity/Task3_SCimilarity_V2/scripts/3_predict_senescence.py,17558,ba6c64cff5a0fa2bf29a5f415df7780190e2cae7c0751221a7447e144eb7c65b
04_senescence_identification/models/sclong/Task3_SClong/scripts/1_generate_sclong_cell_embeddings.py,19706,1de1c755791e0dfd7bc1f4a10cbb67cd3ca57f8e8dbe7dffd867406e102b4774
04_senescence_identification/models/sclong/Task3_SClong/scripts/2_train_senescence_mlp.py,17698,4a4924a88a2c7e0e4393d9b8a4af97650adb93e138aa6638a6d7f9cfd73c487f
04_senescence_identification/models/sclong/Task3_SClong/scripts/3_predict_senescence.py,19424,100e8a2743aa5ff07a9498473bbbb96416b5c5a7dc7c46f4e2a78f6d6fedfab9
04_senescence_identification/models/scprint/Task3_scprint/scripts/1_generate_scprint_cell_embeddings.py,25062,96ebd73faae1f9abac7ebf92bee8f9ccede67e23bfc867ff35e7aef66ec39586
04_senescence_identification/models/scprint/Task3_scprint/scripts/2_train_senescence_mlp.py,18771,ef48e45ff03fd5e34a542bfd82d631522b73497168f9113cb57d45f649367687
04_senescence_identification/models/scprint/Task3_scprint/scripts/3_predict_senescence.py,19874,8f7d6d2057f5cb9047d9d0504282eb6b8a44290e843fc1effcbff9ea666f75d7
04_senescence_identification/models/transcriptformer/task3/scripts/01_generate_task3_embeddings.py,7143,3a85dc2debbd1cbd7ce90634bf9e7342eb93eb6bc7f4f2d8841d84ebea08d97f
04_senescence_identification/models/transcriptformer/task3/scripts/02_train_binary_mlp_global_task3.py,12072,7d504543ca173d00f5eab725ad6d08fe9548f620b1809c5149eff21eb2e76d61
04_senescence_identification/models/transcriptformer/task3/scripts/03_predict_binary_task3.py,7711,7314ac00c7e71c2106ffd09a28de1c9a72e6e9dd9113603e625cafaa12657be7
04_senescence_identification/models/uce/task3/scripts/predict_task3_binary_mlp.py,7988,e07ea8eccddb4cdc146a9bda2d5e0b78b957dc355402c97ca205529d326f7521
04_senescence_identification/models/uce/task3/scripts/run_task3_uce_embeddings.py,4256,309d328b64410b2703b87d6fea005a9ae9b86be4ce0f3cb4bcafbc676f169079
04_senescence_identification/models/uce/task3/scripts/train_task3_binary_mlp.py,9069,ad44cc9f2f231920270b9d6fa95039dd36f0156c619718049c2c7a1ef14d7bd8
05_regulatory_network/README.md,571,02a8741bf8a4ee87961c2967d2d9db3979ec89e573f5e4d4d790b9f0631a2704
05_regulatory_network/models/cellfm/extract_gene_embeddings_CellFM.py,10208,cae16f18857c02eba547194fd6213c6803cb485a452463907d4fd630471f5b13
05_regulatory_network/models/geneformer/extract_gene_embeddings_genformer.py,9781,79f948d5ac798eb8ffdbf55b95c7a8f39725145723e5b7c63c1e062e0837b313
05_regulatory_network/models/sccello/extract_gene_embeddings_scCello.py,6017,00c75eafc57123a9aeb07c6db133e7fc5d0ed84dbf4a8fd9fec2f8083e0e1b27
05_regulatory_network/models/scfoundation/extract_scfoundation_gene_embeddings.py,1919,48c96a4e675769fa941f919076db146d87f086febba0620dcfaff3f943635679
05_regulatory_network/models/scgpt/extract_scgpt_gene_embeddings.py,3679,dd1999cf8c987ab03890795adf7f1851366870a74e041fc6f86903232d613b1a
05_regulatory_network/models/scimilarity/extract_scimilarity_gene_embeddings.py,1681,b1684c713e554a6e13ebaf9f854d56f751536bf29cccee182cfb2e45a76882ed
05_regulatory_network/models/sclong/extract_sclong_gene_embeddings.py,2123,8b4329666b61c04fcabb01abc0cef7594b6319749058eefe2d1b8eb08d91d143
05_regulatory_network/models/scprint/scprint/extract_scprint_gene_embeddings.py,1422,c225f8e5c430bf04f435110fc4dedc1ebcba6585bd6571c813847f9dd27b4539
05_regulatory_network/models/transcriptformer/run_TranscriptFormer_embedding.py,4789,26fecd075b2d96e105c7646cad279a57dd70ba3b82b5f5d08204fb93bcc28456
05_regulatory_network/models/uce/extract_gene_embeddings_uce.py,6168,a9770572851761078767fe2e2374cff0f5dcdf8fd916f0947a85228e9335070c
06_cross_task_summary/README.md,566,b64ee35f7bfc66da162e81e4b8bfdafe06995a3f27ee85b5e6ea66f6f0f07449
06_cross_task_summary/bootstrap_ap.py,2682,de94ec114fd67459b8f5fcd8eba8aa27ad44f272db9ecba24dbde6f2957649e7
06_cross_task_summary/reproduce.py,15146,1ec42db6333f039cead42e937393be5df2d345a972f4f76c36d7a9d7cfb926ef
LICENSE_STATUS.md,741,995b25215b94bfab3acc5d3d96652dc2055872c67a8e0469b4496ceb9d31e719
README.md,2722,a618877c1dee5f6a098b413563a99ae928343b3d158af73fe114572f88e2b87a
assets/fig1.jpg,1064968,82e849ae3bdb3723b3fe6c7eedf39201301fe85efd2259893a0d2b5d7a27011e
configs/reproduction.json,381,412d17bd185202b8e073419dd0c5f0d72a5f2964fc20042da994c3c72b506ac1
configs/task2_manifest.example.csv,199,41eb0a70aff358f61c59b9c62dec08c4c7ae44c3abb34bf30bed67949a510694
data/supplementary/Supplementary Table S1. Summary of datasets used in the aging single-cell foundation model benchmark.csv,8921,08c02ae7ae51040dbb27970bda6be7d14ba928784c583f3744c8681d3b62f9d0
data/supplementary/Supplementary Table S10. Senescent-cell identification performance across OOD settings.csv,11108,db4130aa3ef9a09d3707a56b95f1e21dddbcd4edce210bc25c597f79a66178b3
data/supplementary/Supplementary Table S11. Quantitative benchmark of matched-input motif-supported gene regulatory networks across single-cell foundation models and SCENIC.csv,3307,6e821f962d6f585d963d593375924e470b667c15dd4153cb4d44c8ca244f851f
data/supplementary/Supplementary Table S12. All-expressed-gene native SCENIC sensitivity analysis and comparison with matched-input SCENIC.csv,707,81680e2a705252c12ce0a6d83c9175033ed560619a2a9712c14e76db58cf1877
data/supplementary/Supplementary Table S13. Foundation model architecture and pretraining characteristics.csv,11562,da3b9385396e4aabb0e9b4fc12109ef28a6713de27a051aef0441390ffa6b78b
data/supplementary/Supplementary Table S14. Benchmark cell-embedding and gene-embedding extraction configurations.csv,5937,ef232b3b0fd20e79ed9ee691fcf021b431ca0d9723b621fff2389c770eb2c849
data/supplementary/Supplementary Table S15. Context-averaged primary metrics and task rankings.csv,2108,0bf121a0ffe1a2094ea3be2b10290870864c0f4cb80689b7ab26637bc73d3cfb
data/supplementary/Supplementary Table S16. Five-task composite ranking of ten foundation models.csv,1027,7825bfc658422103fa9bc6a7540b2aabf24ce2f05522a6278f6d58c020f1b49e
data/supplementary/Supplementary Table S17. GRN edge-ranking performance assessed by AUPRC and AUROC.csv,3523,75af593c34ac3b7884b5580b45b282bb42d4fc341932f737f079aad0417133f4
data/supplementary/Supplementary Table S18. Disease-associated age-shift direction and confidence-interval support.csv,3852,edeaed7eccef56839d2e00ec24ec0a941652d8fb673b88105d2d939e5fd284d0
data/supplementary/Supplementary Table S2. Models and methods included in the benchmark.csv,3754,36e89a45de315ca35c4029d9ce9262612fff9692f80135ba51ea35968c51a7fc
data/supplementary/Supplementary Table S3. Overall cell-level age prediction performance across models.csv,5973,e51b9718d7b47264886ad3e00e7d2df80d69a9287c9a6c28ac33bff949530cfb
data/supplementary/Supplementary Table S4. Overall donor-level age prediction performance across models.csv,5965,a70dd9b7c4bf6567208e7d2182a0ecb9c8281aac878848605f9936ea88c69e10
data/supplementary/Supplementary Table S5. Cell-type-specific cell-level age prediction performance across models.csv,38068,ca0dbc25164747dca5022a771a7daea3e056b7c81860532c4eca692d69da3743
data/supplementary/Supplementary Table S6. Cell-type-specific donor-level age prediction performance across models.csv,37780,50cbc9a012a1c5d66b99376750e2b20e798af232083ccee286be1624484dea4e
data/supplementary/Supplementary Table S7. Complete age-pseudotime benchmark metrics.csv,3159,a8d011f1d4e33cd08a0326f066fa47cf27a96063907dac456976ea11e35eaf2c
data/supplementary/Supplementary Table S8. Overall performance of single-cell foundation models for age perturbation prediction across datasets.csv,3837,4ae2d21808d5ced1f38bd759f69bdd4200858c80f7042910d2ec64f6168a5f68
data/supplementary/Supplementary Table S9. Cell-type-specific performance of single-cell foundation models for age perturbation prediction across datasets..csv,25772,b8540557c2daf487b76b990b5d1a5dc94f0a70207d18cfa9d1d7f1c9a71bc016
data/task5/DoRothEA_ABC_reference_edges.csv,4172,19b6beb52a79ed1fc5fecc7387550b386a27c5dfee350c213a47ff9dbed22a9d
data/task5/TRRUST_reference_edges.csv,2534,7e5d5dea584eb9994ff23ac58934e109c1ddc51396ee3f6281e6daac4736d61d
data/task5/Union_reference_edges.csv,5409,b015bf062d6b04c938428f1c368650e747414fc387c81d62947cbf96c60d37ff
data/task5/bootstrap_AP.npz,501691,1df159abef9b7628744bee0d08ce4f833d8941a11319b5f041d01306100300f5
data/task5/bootstrap_TF_multiplicities.npy,1664128,5e9dbdd98c1e6f4066dd1ae437e455e50c43ee424a57bf5fdce0a2a80c58a112
data/task5/common_TFs.csv,708,b1076519a0437b2a572a24e99703d2398700fcf9bdecbc3f05148cd8dd5479ba
data/task5/common_genes.csv,11326,91518417d43ed3b3bfb5c7a95445c16733fcc4f0035d3db86d86bdfb9dc342d0
data/task5/pre_motif_AP_all_references.csv,7708,3dde7cf4413e35451776c4195f8a5eb50ce26e05c27ae93f23b612b4dfb5a0d7
data/task5/scores_and_labels.npz,13101587,0b63e6f1701487149b3c1dfb0475b6887036c96319ee31729c9b0b51ad7e2ee2
requirements-lock.txt,339,1ba941d238ea674d5c9ddd59e8a1becc175fb611652dbc0c00b03f609a4e5254
requirements.txt,108,78feda0d62cee843f94e9c6fca05d55a2c47ed65089064bd311becaba70de2c3
