model_id,model,reference,AP,AP_CI_lower,AP_CI_upper,candidate_pairs,positive_edges,unlabeled_pairs,prevalence,AP_over_prevalence,bootstrap_valid,rank_including_baseline,foundation_model_rank,AP_difference_vs_baseline,difference_CI_lower,difference_CI_upper
scGPT,scGPT,DoRothEA A-C,0.005127391745779995,0.0032628425791763936,0.007795029248122169,163280,337,162943,0.002063939245467908,2.4842745526734644,2000,1,1.0,0.002136178607159949,0.00044691977198329,0.004142992843021446
SCimilarity,SCimilarity,DoRothEA A-C,0.004885286344021824,0.00298789815368379,0.0078136131769275,163280,337,162943,0.002063939245467908,2.3669719710738377,2000,2,2.0,0.0018940732054017776,0.0005380826429511901,0.0036768552260567884
UCE,UCE,DoRothEA A-C,0.0034209029603907808,0.001791086228488275,0.007090932079847784,163280,337,162943,0.002063939245467908,1.6574630129750938,2000,3,3.0,0.0004296898217707344,-0.0013833515069233,0.003432247674096443
scLong,scLong,DoRothEA A-C,0.0033489114529918844,0.002159785267876172,0.004940924599553744,163280,337,162943,0.002063939245467908,1.62258237995405,2000,4,4.0,0.00035769831437183807,-0.0011477769860713815,0.0014034578898975464
SCENIC,SCENIC (GRNBoost2 stage),DoRothEA A-C,0.0029912131386200464,0.0018303985149604012,0.004867836824531891,163280,337,162943,0.002063939245467908,1.4492738316732379,2000,5,,0.0,0.0,0.0
Geneformer,Geneformer,DoRothEA A-C,0.0024382286903728476,0.0016463490649149535,0.0037450610434738305,163280,337,162943,0.002063939245467908,1.1813471233355446,2000,6,5.0,-0.0005529844482471988,-0.002051769420839287,0.00042427290355737986
scCello,scCello,DoRothEA A-C,0.002370026664411597,0.0014614211837328315,0.003519022632541593,163280,337,162943,0.002063939245467908,1.1483025334276722,2000,7,6.0,-0.0006211864742084496,-0.0019778657376719644,7.644049574090894e-05
TranscriptFormer,TranscriptFormer,DoRothEA A-C,0.002194475789765656,0.0013533611878086844,0.004005588872057932,163280,337,162943,0.002063939245467908,1.0632463114330455,2000,8,7.0,-0.0007967373488543903,-0.002558411106966289,0.0011219927416143097
scFoundation,scFoundation,DoRothEA A-C,0.002061023600820155,0.0012765256311910364,0.002966754281526589,163280,337,162943,0.002063939245467908,0.9985873398869877,2000,9,8.0,-0.0009301895377998915,-0.0026457312448733027,-0.00012650466352910522
CellFM,CellFM,DoRothEA A-C,0.002041989691489583,0.0013155591456257775,0.0028989600939105524,163280,337,162943,0.002063939245467908,0.9893652131347749,2000,10,9.0,-0.0009492234471304632,-0.002684521280245509,-0.00019192659058487696
scPRINT,scPRINT,DoRothEA A-C,0.0019449525489125723,0.0012676466809329943,0.0028719141739682046,163280,337,162943,0.002063939245467908,0.9423497097520617,2000,11,10.0,-0.001046260589707474,-0.0028931432198334374,0.00010260604951041987
scGPT,scGPT,TRRUST,0.0029394529914357954,0.0016453154299253606,0.00515350967058082,163280,209,163071,0.0012800097991180794,2.29643006909874,2000,1,1.0,0.0013934998875356213,0.0003139569668788956,0.003204964029359398
scLong,scLong,TRRUST,0.0023388959228106843,0.0013489815371785054,0.003809721488793344,163280,209,163071,0.0012800097991180794,1.8272484510838687,2000,2,2.0,0.0007929428189105102,-0.00014051671408269202,0.0017426998103948176
SCimilarity,SCimilarity,TRRUST,0.0021309269594020908,0.001248951944806765,0.003607365203973931,163280,209,163071,0.0012800097991180794,1.664773942254418,2000,3,3.0,0.0005849738555019166,7.592942570173483e-06,0.0014774949207999254
Geneformer,Geneformer,TRRUST,0.001832978711423793,0.0011383114272200145,0.0031097198168058087,163280,209,163071,0.0012800097991180794,1.432003655508502,2000,4,4.0,0.00028702560752361887,-0.0003065125721025072,0.0011977151151561555
UCE,UCE,TRRUST,0.0016459650770926757,0.0009628115534656962,0.0032094432502548084,163280,209,163071,0.0012800097991180794,1.2859003721899143,2000,5,5.0,0.00010001197319250152,-0.0005988380043044182,0.0013623435386835665
SCENIC,SCENIC (GRNBoost2 stage),TRRUST,0.0015459531039001741,0.0009666577272729332,0.0024775946048413685,163280,209,163071,0.0012800097991180794,1.2077666162910068,2000,6,,0.0,0.0,0.0
scCello,scCello,TRRUST,0.0013851208985701975,0.0008194624070307257,0.0021382384095710583,163280,209,163071,0.0012800097991180794,1.0821174177920663,2000,7,6.0,-0.00016083220532997662,-0.0009338503242399665,0.0002652999103962088
CellFM,CellFM,TRRUST,0.001337972320897748,0.0008644622969696519,0.001924948718887527,163280,209,163071,0.0012800097991180794,1.045282873474566,2000,8,7.0,-0.0002079807830024261,-0.0009014002970913824,0.00020138270897622203
TranscriptFormer,TranscriptFormer,TRRUST,0.001293269953553377,0.0007719037087189152,0.0020333744643162995,163280,209,163071,0.0012800097991180794,1.0103594163454326,2000,9,8.0,-0.00025268315034679715,-0.0009626265544317938,0.00017987734856868268
scFoundation,scFoundation,TRRUST,0.0012396255304973748,0.0007731733172850388,0.0017921391594986446,163280,209,163071,0.0012800097991180794,0.9684500316727817,2000,10,9.0,-0.0003063275734027993,-0.0009950320167592468,2.434544515120356e-05
scPRINT,scPRINT,TRRUST,0.0011897449946924859,0.0007138323083423903,0.001942981480939245,163280,209,163071,0.0012800097991180794,0.9294811614037756,2000,11,10.0,-0.00035620810920768825,-0.0010877495030325096,0.00016915057019955374
scGPT,scGPT,Union,0.006197978709324774,0.004101180595317897,0.00912786331763713,163280,438,162842,0.0026825085742283195,2.3105158987638106,2000,1,1.0,0.0027169254240862256,0.0010484563813776833,0.0048375009969024866
SCimilarity,SCimilarity,Union,0.005358367225503056,0.0035080962954869626,0.008074216423426818,163280,438,162842,0.0026825085742283195,1.997521005890728,2000,2,2.0,0.0018773139402645071,0.0007305992364320692,0.0033373532706706655
scLong,scLong,Union,0.004324692383333198,0.0029133079356502426,0.006119307464772414,163280,438,162842,0.0026825085742283195,1.6121821286544398,2000,3,3.0,0.0008436390980946498,-0.00046546858226203234,0.0019504384209156679
UCE,UCE,Union,0.0041335369002016425,0.0024099947739284065,0.007499204257721047,163280,438,162842,0.0026825085742283195,1.5409221576824752,2000,4,4.0,0.000652483614963094,-0.0010451007240016481,0.0034843284700494036
SCENIC,SCENIC (GRNBoost2 stage),Union,0.0034810532852385485,0.0023194475625304477,0.005222554407521534,163280,438,162842,0.0026825085742283195,1.297685800031393,2000,5,,0.0,0.0,0.0
Geneformer,Geneformer,Union,0.0032527570402481223,0.002295262328336246,0.004663817150007002,163280,438,162842,0.0026825085742283195,1.2125802957345055,2000,6,5.0,-0.00022829624499042618,-0.0014809951158835642,0.0007863352738807485
scCello,scCello,Union,0.003014510811291392,0.00199788955016745,0.004327071710087613,163280,438,162842,0.0026825085742283195,1.1237655828028732,2000,7,6.0,-0.0004665424739471566,-0.001607864587462585,0.00022089104578876183
TranscriptFormer,TranscriptFormer,Union,0.002830173615447623,0.0018852929762990175,0.004354263779605631,163280,438,162842,0.0026825085742283195,1.0550473697038536,2000,8,7.0,-0.0006508796697909255,-0.002199563526186706,0.0008968271238547014
scFoundation,scFoundation,Union,0.0026424163236029325,0.0017783594799307288,0.00360508811162985,163280,438,162842,0.0026825085742283195,0.9850541947896959,2000,9,8.0,-0.000838636961635616,-0.002313881211547837,-0.0001027641917321962
CellFM,CellFM,Union,0.0026262315979509636,0.0018049220494255158,0.003596265024509659,163280,438,162842,0.0026825085742283195,0.9790207655557839,2000,10,9.0,-0.0008548216872875849,-0.0023039469527209038,-0.00014367112896226115
scPRINT,scPRINT,Union,0.0025095131613779775,0.0017284404108172504,0.0035699446997022426,163280,438,162842,0.0026825085742283195,0.935509837876247,2000,11,10.0,-0.000971540123860571,-0.0025680345796889256,0.00012897406680602346
