TF,Target
ATF3,ID1
ATF3,PENK
ATF3,SELE
BACH1,HMOX1
BARX2,ESR1
BCL6,CDKN1A
CEBPD,C3
CEBPD,CXCL1
CEBPD,CYP19A1
CEBPD,PDGFRA
CEBPD,PPARG
CEBPD,PTGS2
CEBPD,TNF
DACH1,FOS
EGR1,ABCB1
EGR1,ALOX5
EGR1,ATF3
EGR1,CDKN1A
EGR1,CXCL8
EGR1,EGFR
EGR1,F3
EGR1,FAP
EGR1,FGF2
EGR1,FLT1
EGR1,FN1
EGR1,IL6
EGR1,PCSK2
EGR1,PLAUR
EGR1,PPARG
EGR1,PTGS2
EGR1,SOX18
EGR1,STMN1
EGR1,TFPI2
EGR1,TGFBR2
EGR1,TH
EGR1,TNF
EGR1,TNFSF10
EGR1,VEGFA
EPAS1,FLT1
EPAS1,PTPRZ1
EPAS1,SERPINE1
EPAS1,VEGFA
ERG,ADAMTS1
ERG,CXCL8
ERG,CXCR4
ERG,ENG
ERG,EPB41L4B
ERG,FGF2
ERG,HMOX1
ERG,HPGD
ERG,ICAM1
ERG,KCNN2
ERG,SOX4
ERG,SPP1
ERG,VIM
ERG,VWF
ESR1,ABCG2
ESR1,CDH1
ESR1,CDKN1A
ESR1,CRH
ESR1,CRHBP
ESR1,CXCL12
ESR1,CYP19A1
ESR1,CYP1A1
ESR1,CYP1B1
ESR1,DCT
ESR1,EGFR
ESR1,FLT1
ESR1,FOS
ESR1,HSPB1
ESR1,JUNB
ESR1,KDR
ESR1,PMAIP1
ESR1,RUNX2
ESR1,SERPINB9
ESR1,SERPINE1
ESR1,TAC3
ESR1,VEGFA
FLI1,CCK
FLI1,COL1A2
FLI1,ERG
FLI1,HMOX1
FLI1,ID2
FLI1,IGFBP3
FLI1,IL10
FLI1,TGFBR2
FOS,CCK
FOS,CLU
FOS,CXCL8
FOS,HSPH1
FOS,MMP9
FOS,NEFL
FOS,NGF
FOS,NPY
FOS,NTF3
FOS,PLAUR
FOS,PTGS2
FOSB,CXCL8
FOXO1,ANGPT2
FOXO1,CXCR4
FOXO1,EDN1
FOXO1,EGR1
FOXO1,IL6
FOXO1,KLF2
FOXO1,TNFSF10
FOXO1,TXNIP
FOXP2,MET
FOXP2,PLAUR
FOXP2,SRPX
FOXP2,SRPX2
FOXQ1,BCL11A
FOXQ1,CDH1
FOXQ1,RSPO2
FOXQ1,TWIST1
FOXQ1,VEGFA
HES1,PTGDS
HIF3A,EPAS1
IRF8,IL10
IRF8,IL1B
JUNB,CDKN1A
JUNB,CLU
JUNB,EGFR
JUNB,IL1B
JUNB,PTGS2
KLF1,HBB
KLF2,CDKN1A
KLF2,CXCR4
KLF2,PPARG
KLF4,ATF3
KLF4,CDH1
KLF4,CDKN1A
KLF4,CYP1A1
KLF4,HBA1
KLF4,HBA2
KLF4,IFITM3
KLF4,IL1B
KLF4,IL6
KLF4,LAMA3
KLF4,TAGLN
KLF4,VEGFA
KLF5,CXCR4
KLF5,FOXO1
KLF5,MMP9
KLF5,MYH11
LEF1,ESR1
LEF1,OCA2
NFATC2,ENPP2
NR4A1,BABAM2
NR4A1,SERPINE1
NR4A1,TNF
NR4A2,CRH
NR4A2,CXCL8
NR4A3,PPARG
PPARG,ABCG2
PPARG,ANGPTL4
PPARG,CD36
PPARG,CD83
PPARG,CDKN1A
PPARG,CIITA
PPARG,EGFR
PPARG,HMOX1
PPARG,ICAM1
PPARG,KLF4
PPARG,MMP9
PPARG,PTGS2
PPARG,RARB
PPARG,RETN
PPARG,SAT1
PPARG,SERPINE1
PPARG,SLC5A5
PPARG,TNFRSF11B
PPARG,TXNIP
PRDM1,CIITA
PRDM1,MKI67
PROX1,TWIST1
RUNX1,CCL3
RUNX1,CD34
RUNX1,CSF1R
RUNX1,KLF4
RUNX1,MECOM
RUNX1,MYL9
RUNX1,VEGFA
RUNX2,ESR1
RUNX2,TWIST1
RUNX2,VEGFA
RUNX2,VEGFC
SOX6,CDKN1A
STAT4,NOX4
STAT4,PRF1
STAT4,S100A4
TBX2,CDKN1A
TWIST1,CD44
TWIST1,CDH1
TWIST1,DKK1
TWIST1,ESR1
TWIST1,FN1
TWIST1,FOS
TWIST1,ICAM1
TWIST1,RUNX2
TWIST1,SRPX
TWIST2,CD44
TWIST2,CDH1
TWIST2,DKK1
TWIST2,FN1
TWIST2,FOS
TWIST2,ICAM1
TWIST2,POSTN
TWIST2,RUNX2
TWIST2,SRPX
